Workbook

Sheet MARKET WEIGHT
A1: Fecha: | B1: 45922
B3: Shares | C3: Pxs | D3: Weight
A4: GGAL AR Equity | B4: 882.28823 | C4: =INDEX( 'MARKET PXS'!$B$8:$ZZ$5000, MATCH($B$1,'MARKET PXS'!$A$8:$A$5000,0), MATCH($A4,'MARKET PXS'!$B$1:$ZZ$1,0) ) -> #N/A | D4: =+(B4*C4)/SUMPRODUCT($B$4:$B$23,$C$4:$C$23) -> #N/A
A5: PAMP AR Equity | B5: 1056.4215 | C5: =INDEX( 'MARKET PXS'!$B$8:$ZZ$5000, MATCH($B$1,'MARKET PXS'!$A$8:$A$5000,0), MATCH($A5,'MARKET PXS'!$B$1:$ZZ$1,0) ) -> #N/A | D5: =+(B5*C5)/SUMPRODUCT($B$4:$B$23,$C$4:$C$23) -> #N/A
A6: YPFD AR Equity | B6: 99.021405 | C6: =INDEX( 'MARKET PXS'!$B$8:$ZZ$5000, MATCH($B$1,'MARKET PXS'!$A$8:$A$5000,0), MATCH($A6,'MARKET PXS'!$B$1:$ZZ$1,0) ) -> #N/A | D6: =+(B6*C6)/SUMPRODUCT($B$4:$B$23,$C$4:$C$23) -> #N/A
A7: BMA AR Equity | B7: 321.40367 | C7: =INDEX( 'MARKET PXS'!$B$8:$ZZ$5000, MATCH($B$1,'MARKET PXS'!$A$8:$A$5000,0), MATCH($A7,'MARKET PXS'!$B$1:$ZZ$1,0) ) -> #N/A | D7: =+(B7*C7)/SUMPRODUCT($B$4:$B$23,$C$4:$C$23) -> #N/A
A8: CEPU AR Equity | B8: 1416.4848 | C8: =INDEX( 'MARKET PXS'!$B$8:$ZZ$5000, MATCH($B$1,'MARKET PXS'!$A$8:$A$5000,0), MATCH($A8,'MARKET PXS'!$B$1:$ZZ$1,0) ) -> #N/A | D8: =+(B8*C8)/SUMPRODUCT($B$4:$B$23,$C$4:$C$23) -> #N/A
A9: BYMA AR Equity | B9: 7691.1072 | C9: =INDEX( 'MARKET PXS'!$B$8:$ZZ$5000, MATCH($B$1,'MARKET PXS'!$A$8:$A$5000,0), MATCH($A9,'MARKET PXS'!$B$1:$ZZ$1,0) ) -> #N/A | D9: =+(B9*C9)/SUMPRODUCT($B$4:$B$23,$C$4:$C$23) -> #N/A
A10: BBAR AR Equity | B10: 295.57576 | C10: =INDEX( 'MARKET PXS'!$B$8:$ZZ$5000, MATCH($B$1,'MARKET PXS'!$A$8:$A$5000,0), MATCH($A10,'MARKET PXS'!$B$1:$ZZ$1,0) ) -> #N/A | D10: =+(B10*C10)/SUMPRODUCT($B$4:$B$23,$C$4:$C$23) -> #N/A
A11: TGSU2 AR Equity | B11: 227.63944 | C11: =INDEX( 'MARKET PXS'!$B$8:$ZZ$5000, MATCH($B$1,'MARKET PXS'!$A$8:$A$5000,0), MATCH($A11,'MARKET PXS'!$B$1:$ZZ$1,0) ) -> #N/A | D11: =+(B11*C11)/SUMPRODUCT($B$4:$B$23,$C$4:$C$23) -> #N/A
A12: TXAR AR Equity | B12: 2443.2083 | C12: =INDEX( 'MARKET PXS'!$B$8:$ZZ$5000, MATCH($B$1,'MARKET PXS'!$A$8:$A$5000,0), MATCH($A12,'MARKET PXS'!$B$1:$ZZ$1,0) ) -> #N/A | D12: =+(B12*C12)/SUMPRODUCT($B$4:$B$23,$C$4:$C$23) -> #N/A
A13: LOMA AR Equity | B13: 392.3612 | C13: =INDEX( 'MARKET PXS'!$B$8:$ZZ$5000, MATCH($B$1,'MARKET PXS'!$A$8:$A$5000,0), MATCH($A13,'MARKET PXS'!$B$1:$ZZ$1,0) ) -> #N/A | D13: =+(B13*C13)/SUMPRODUCT($B$4:$B$23,$C$4:$C$23) -> #N/A
A14: SUPV AR Equity | B14: 404.18253 | C14: =INDEX( 'MARKET PXS'!$B$8:$ZZ$5000, MATCH($B$1,'MARKET PXS'!$A$8:$A$5000,0), MATCH($A14,'MARKET PXS'!$B$1:$ZZ$1,0) ) -> #N/A | D14: =+(B14*C14)/SUMPRODUCT($B$4:$B$23,$C$4:$C$23) -> #N/A
A15: ALUA AR Equity | B15: 1105.1516 | C15: =INDEX( 'MARKET PXS'!$B$8:$ZZ$5000, MATCH($B$1,'MARKET PXS'!$A$8:$A$5000,0), MATCH($A15,'MARKET PXS'!$B$1:$ZZ$1,0) ) -> #N/A | D15: =+(B15*C15)/SUMPRODUCT($B$4:$B$23,$C$4:$C$23) -> #N/A
... A23: METR AR Equity | B23: 171.23344 | C23: =INDEX( 'MARKET PXS'!$B$8:$ZZ$5000, MATCH($B$1,'MARKET PXS'!$A$8:$A$5000,0), MATCH($A23,'MARKET PXS'!$B$1:$ZZ$1,0) ) -> #N/A | D23: =+(B23*C23)/SUMPRODUCT($B$4:$B$23,$C$4:$C$23) -> #N/A
A25: CHECK | D25: =SUM(D4:D23) -> #N/A

Sheet MARKET PXS
A1: {=_xll.BQL(_xlfn._LONGTEXT("['GGAL AR Equity'; 'PAMP AR Equity'; 'YPFD AR Equity'; 'BMA AR Equity'; 'CEPU AR Equity'; 'BYMA AR Equity'; 'BBAR AR Equity'; 'TGSU2 AR Equity'; 'TXAR AR Equity'; 'LOMA AR Equity'; 'SUPV AR Equity'; 'ALUA AR Equity'; 'TECO2 AR Equity'; 'CRES AR Equity'; '","COME AR Equity'; 'TRAN AR Equity'; 'VALO AR Equity'; 'EDN AR Equity'; 'TGNO4 AR Equity'; 'METR AR Equity']"), "dropna(px_last(ca_adj='FULL'; currency='ARS'; dates=range(-100M, 0D)))", "transpose", "false")} -> #NAME?

Sheet INPUT PX
A1: =+'MARKET PXS'!A2 -> 0 | B1: =_xlfn.TEXTBEFORE('MARKET PXS'!B1,"AR Equity",1,0,1) -> #VALUE! | C1: =_xlfn.TEXTBEFORE('MARKET PXS'!C1,"AR Equity",1,0,1) -> #VALUE! | D1: =_xlfn.TEXTBEFORE('MARKET PXS'!D1,"AR Equity",1,0,1) -> #VALUE! | E1: =_xlfn.TEXTBEFORE('MARKET PXS'!E1,"AR Equity",1,0,1) -> #VALUE! | F1: =_xlfn.TEXTBEFORE('MARKET PXS'!F1,"AR Equity",1,0,1) -> #VALUE! | G1: =_xlfn.TEXTBEFORE('MARKET PXS'!G1,"AR Equity",1,0,1) -> #VALUE! | H1: =_xlfn.TEXTBEFORE('MARKET PXS'!H1,"AR Equity",1,0,1) -> #VALUE! | I1: =_xlfn.TEXTBEFORE('MARKET PXS'!I1,"AR Equity",1,0,1) -> #VALUE! | ... U1: =_xlfn.TEXTBEFORE('MARKET PXS'!U1,"AR Equity",1,0,1) -> #VALUE!
A2: =+'MARKET PXS'!A3 -> 0 | B2: =+'MARKET PXS'!B3 -> 0 | C2: =+'MARKET PXS'!C3 -> 0 | D2: =+'MARKET PXS'!D3 -> 0 | E2: =+'MARKET PXS'!E3 -> 0 | F2: =+'MARKET PXS'!F3 -> 0 | G2: =+'MARKET PXS'!G3 -> 0 | H2: =+'MARKET PXS'!H3 -> 0 | ... U2: =+'MARKET PXS'!U3 -> 0
A3: =+'MARKET PXS'!A4 -> 0 | B3: =+'MARKET PXS'!B4 -> 0 | C3: =+'MARKET PXS'!C4 -> 0 | D3: =+'MARKET PXS'!D4 -> 0 | E3: =+'MARKET PXS'!E4 -> 0 | F3: =+'MARKET PXS'!F4 -> 0 | G3: =+'MARKET PXS'!G4 -> 0 | H3: =+'MARKET PXS'!H4 -> 0 | ... U3: =+'MARKET PXS'!U4 -> 0
A4: =+'MARKET PXS'!A5 -> 0 | B4: =+'MARKET PXS'!B5 -> 0 | C4: =+'MARKET PXS'!C5 -> 0 | D4: =+'MARKET PXS'!D5 -> 0 | E4: =+'MARKET PXS'!E5 -> 0 | F4: =+'MARKET PXS'!F5 -> 0 | G4: =+'MARKET PXS'!G5 -> 0 | H4: =+'MARKET PXS'!H5 -> 0 | ... U4: =+'MARKET PXS'!U5 -> 0
A5: =+'MARKET PXS'!A6 -> 0 | B5: =+'MARKET PXS'!B6 -> 0 | C5: =+'MARKET PXS'!C6 -> 0 | D5: =+'MARKET PXS'!D6 -> 0 | E5: =+'MARKET PXS'!E6 -> 0 | F5: =+'MARKET PXS'!F6 -> 0 | G5: =+'MARKET PXS'!G6 -> 0 | H5: =+'MARKET PXS'!H6 -> 0 | ... U5: =+'MARKET PXS'!U6 -> 0
A6: =+'MARKET PXS'!A7 -> 0 | B6: =+'MARKET PXS'!B7 -> 0 | C6: =+'MARKET PXS'!C7 -> 0 | D6: =+'MARKET PXS'!D7 -> 0 | E6: =+'MARKET PXS'!E7 -> 0 | F6: =+'MARKET PXS'!F7 -> 0 | G6: =+'MARKET PXS'!G7 -> 0 | H6: =+'MARKET PXS'!H7 -> 0 | ... U6: =+'MARKET PXS'!U7 -> 0
A7: =+'MARKET PXS'!A8 -> 0 | B7: =+'MARKET PXS'!B8 -> 0 | C7: =+'MARKET PXS'!C8 -> 0 | D7: =+'MARKET PXS'!D8 -> 0 | E7: =+'MARKET PXS'!E8 -> 0 | F7: =+'MARKET PXS'!F8 -> 0 | G7: =+'MARKET PXS'!G8 -> 0 | H7: =+'MARKET PXS'!H8 -> 0 | ... U7: =+'MARKET PXS'!U8 -> 0
A8: =+'MARKET PXS'!A9 -> 0 | B8: =+'MARKET PXS'!B9 -> 0 | C8: =+'MARKET PXS'!C9 -> 0 | D8: =+'MARKET PXS'!D9 -> 0 | E8: =+'MARKET PXS'!E9 -> 0 | F8: =+'MARKET PXS'!F9 -> 0 | G8: =+'MARKET PXS'!G9 -> 0 | H8: =+'MARKET PXS'!H9 -> 0 | ... U8: =+'MARKET PXS'!U9 -> 0
A9: =+'MARKET PXS'!A10 -> 0 | B9: =+'MARKET PXS'!B10 -> 0 | C9: =+'MARKET PXS'!C10 -> 0 | D9: =+'MARKET PXS'!D10 -> 0 | E9: =+'MARKET PXS'!E10 -> 0 | F9: =+'MARKET PXS'!F10 -> 0 | G9: =+'MARKET PXS'!G10 -> 0 | H9: =+'MARKET PXS'!H10 -> 0 | ... U9: =+'MARKET PXS'!U10 -> 0
A10: =+'MARKET PXS'!A11 -> 0 | B10: =+'MARKET PXS'!B11 -> 0 | C10: =+'MARKET PXS'!C11 -> 0 | D10: =+'MARKET PXS'!D11 -> 0 | E10: =+'MARKET PXS'!E11 -> 0 | F10: =+'MARKET PXS'!F11 -> 0 | G10: =+'MARKET PXS'!G11 -> 0 | H10: =+'MARKET PXS'!H11 -> 0 | ... U10: =+'MARKET PXS'!U11 -> 0
A11: =+'MARKET PXS'!A12 -> 0 | B11: =+'MARKET PXS'!B12 -> 0 | C11: =+'MARKET PXS'!C12 -> 0 | D11: =+'MARKET PXS'!D12 -> 0 | E11: =+'MARKET PXS'!E12 -> 0 | F11: =+'MARKET PXS'!F12 -> 0 | G11: =+'MARKET PXS'!G12 -> 0 | H11: =+'MARKET PXS'!H12 -> 0 | ... U11: =+'MARKET PXS'!U12 -> 0
A12: =+'MARKET PXS'!A13 -> 0 | B12: =+'MARKET PXS'!B13 -> 0 | C12: =+'MARKET PXS'!C13 -> 0 | D12: =+'MARKET PXS'!D13 -> 0 | E12: =+'MARKET PXS'!E13 -> 0 | F12: =+'MARKET PXS'!F13 -> 0 | G12: =+'MARKET PXS'!G13 -> 0 | H12: =+'MARKET PXS'!H13 -> 0 | ... U12: =+'MARKET PXS'!U13 -> 0
A13: =+'MARKET PXS'!A14 -> 0 | B13: =+'MARKET PXS'!B14 -> 0 | C13: =+'MARKET PXS'!C14 -> 0 | D13: =+'MARKET PXS'!D14 -> 0 | E13: =+'MARKET PXS'!E14 -> 0 | F13: =+'MARKET PXS'!F14 -> 0 | G13: =+'MARKET PXS'!G14 -> 0 | H13: =+'MARKET PXS'!H14 -> 0 | ... U13: =+'MARKET PXS'!U14 -> 0
... A2029: =+'MARKET PXS'!A2030 -> 0 | B2029: =+'MARKET PXS'!B2030 -> 0 | C2029: =+'MARKET PXS'!C2030 -> 0 | D2029: =+'MARKET PXS'!D2030 -> 0 | E2029: =+'MARKET PXS'!E2030 -> 0 | F2029: =+'MARKET PXS'!F2030 -> 0 | G2029: =+'MARKET PXS'!G2030 -> 0 | H2029: =+'MARKET PXS'!H2030 -> 0 | ... U2029: =+'MARKET PXS'!U2030 -> 0

Sheet INPUT W
A1: ticker | B1: weight
A2: =_xlfn.TEXTBEFORE('MARKET WEIGHT'!A4,"AR Equity",1,0,1) -> GGAL | B2: =+'MARKET WEIGHT'!D4 -> #N/A
A3: =_xlfn.TEXTBEFORE('MARKET WEIGHT'!A5,"AR Equity",1,0,1) -> PAMP | B3: =+'MARKET WEIGHT'!D5 -> #N/A
A4: =_xlfn.TEXTBEFORE('MARKET WEIGHT'!A6,"AR Equity",1,0,1) -> YPFD | B4: =+'MARKET WEIGHT'!D6 -> #N/A
A5: =_xlfn.TEXTBEFORE('MARKET WEIGHT'!A7,"AR Equity",1,0,1) -> BMA | B5: =+'MARKET WEIGHT'!D7 -> #N/A
A6: =_xlfn.TEXTBEFORE('MARKET WEIGHT'!A8,"AR Equity",1,0,1) -> CEPU | B6: =+'MARKET WEIGHT'!D8 -> #N/A
A7: =_xlfn.TEXTBEFORE('MARKET WEIGHT'!A9,"AR Equity",1,0,1) -> BYMA | B7: =+'MARKET WEIGHT'!D9 -> #N/A
A8: =_xlfn.TEXTBEFORE('MARKET WEIGHT'!A10,"AR Equity",1,0,1) -> BBAR | B8: =+'MARKET WEIGHT'!D10 -> #N/A
A9: =_xlfn.TEXTBEFORE('MARKET WEIGHT'!A11,"AR Equity",1,0,1) -> TGSU2 | B9: =+'MARKET WEIGHT'!D11 -> #N/A
A10: =_xlfn.TEXTBEFORE('MARKET WEIGHT'!A12,"AR Equity",1,0,1) -> TXAR | B10: =+'MARKET WEIGHT'!D12 -> #N/A
A11: =_xlfn.TEXTBEFORE('MARKET WEIGHT'!A13,"AR Equity",1,0,1) -> LOMA | B11: =+'MARKET WEIGHT'!D13 -> #N/A
A12: =_xlfn.TEXTBEFORE('MARKET WEIGHT'!A14,"AR Equity",1,0,1) -> SUPV | B12: =+'MARKET WEIGHT'!D14 -> #N/A
A13: =_xlfn.TEXTBEFORE('MARKET WEIGHT'!A15,"AR Equity",1,0,1) -> ALUA | B13: =+'MARKET WEIGHT'!D15 -> #N/A
... A21: =_xlfn.TEXTBEFORE('MARKET WEIGHT'!A23,"AR Equity",1,0,1) -> METR | B21: =+'MARKET WEIGHT'!D23 -> #N/A

Sheet resultados
A1: Ticker | B1: Benchmark (%) | C1: Black-Litterman (%) | D1: EP-Shannon (%) | E1: q-Tsallis-EP (q=2.0) (%)
A2: ALUA | B2: 2.6768 | C2: 2.9216 | D2: 15.7675 | E2: 15.7824
A3: BBAR | B3: 5.2048 | C3: 0 | D3: 0 | E3: 0
A4: BMA | B4: 8.0094 | C4: 0 | D4: 0 | E4: 0
A5: BYMA | B5: 4.7222 | C5: 4.4471 | D5: 22.5765 | E5: 22.5607
A6: CEPU | B6: 6.2323 | C6: 3.4694 | D6: 0 | E6: 0
A7: COME | B7: 1.3602 | C7: 1.2274 | D7: 0 | E7: 0
A8: CRES | B8: 2.6799 | C8: 2.7282 | D8: 2.1515 | E8: 2.1393
A9: EDN | B9: 1.228 | C9: 1.0369 | D9: 0 | E9: 0
A10: GGAL | B10: 15.0428 | C10: 7.8439 | D10: 0 | E10: 0
A11: LOMA | B11: 3.4749 | C11: 3.4029 | D11: 0 | E11: 0
A12: METR | B12: 0.8689 | C12: 0.2774 | D12: 0 | E12: 0
A13: PAMP | B13: 14.6787 | C13: 27.0455 | D13: 6.2464 | E13: 6.0501
... A22: TOTAL | B22: 100 | C22: 100 | D22: 100 | E22: 100
